id,label,task,steps_norm,avg_hr,std_hr,resting_hr,avg_spo2,min_spo2,avg_hrv,sleep_hours,deep_sleep_ratio,active_energy_norm,hr_above_threshold,spo2_below_threshold,low_activity,window_hr_mean,window_hr_std,anomaly_flag,health_score_norm
WA-001,low,risk,0.86,68.25,1.479019945774904,62,97.5,97,51,6.5,0.23076923076923078,0.88,0,0,0,69.26086956521739,1.8466748331821998,0,0.9
WA-002,moderate,risk,0.5,108.75,2.5860201081971503,88,96.5,96,33,5.25,0.1746031746031746,0.56,1,0,0,80.72727272727273,13.42718347973048,1,0.62
WA-003,moderate,risk,0.65,43.5,1.118033988749895,43,98,98,59,6.833333333333333,0.2682926829268293,0.72,0,0,0,53.72727272727273,4.974314189201619,0,0.8
WA-004,high,risk,0.58,79,0.816496580927726,76,90,89,33.5,5.75,0.15942028985507245,0.6,0,1,0,76,2.160246899469287,1,0.6
WA-005,moderate,risk,0.18,73,1,70,97.5,97,46,6.333333333333333,0.21052631578947367,0.24,0,0,1,70.14285714285714,1.6842608746502281,0,0.68
WA-006,moderate,risk,0.65,100.625,29.15449150645574,70,97.5,97,45.5,6.316666666666666,0.21635883905013195,0.68,1,0,0,77.78125,19.692534078617207,1,0.82
WA-007,high,risk,0.28,85,0.816496580927726,82,93,93,21,3.4166666666666665,0.07317073170731708,0.3,0,0,1,82,2.160246899469287,0,0.42
WA-008,high,risk,0.22,112.33333333333333,2.0548046676563256,90,88.5,88,26.5,5,0.13333333333333333,0.26,1,1,1,85.26666666666667,13.67950616392598,1,0.41